"Adamantiadis, Aris" <aris.adamantiadis@belnet.be>
"Augusto Suruagy Monteiro, Jose" <suruagy@unifacs.br>
"Carlson, Richard" <rcarlson@internet2.edu>
"Dourado, Patricia" <paty_dourado@unifacs.edu.br>
"Dunnigan, Tom"
"Ecunillera, Laia" <ecunillera@cesca.es>
"Flower, Frances"
"Grigoriev, Maxim" >maxim@fnal.gov>
"Hellan, Jon" <jon.kare.hellan@uninett.no>
"Hofstra, Merlijn" - <mhofstra@gmail.com>
"Rincon, David" <drincon@entel.upc.dot.edu>
"Saez, Victor" <vicsaez@gmail.com>
"Sampaio, Leobino" <leobino@gmail.com>
